region,avg_claim
Unknown,1254.2166666666667
northeast,16889.044718614718
northwest,11672.088452722064
southeast,13058.522663656884
southwest,12723.129840764332
